ID,image,objects
EAN13_09_0001,Image/EAN13_09_0001.jpg,Markup/EAN13_09_0001.xml
EAN13_09_0002,Image/EAN13_09_0002.jpg,Markup/EAN13_09_0002.xml
EAN13_09_0003,Image/EAN13_09_0003.jpg,Markup/EAN13_09_0003.xml
EAN13_09_0004,Image/EAN13_09_0004.jpg,Markup/EAN13_09_0004.xml
EAN13_09_0005,Image/EAN13_09_0005.jpg,Markup/EAN13_09_0005.xml
EAN13_09_0006,Image/EAN13_09_0006.jpg,Markup/EAN13_09_0006.xml
EAN13_09_0007,Image/EAN13_09_0007.jpg,Markup/EAN13_09_0007.xml
EAN13_09_0008,Image/EAN13_09_0008.jpg,Markup/EAN13_09_0008.xml
EAN13_09_0009,Image/EAN13_09_0009.jpg,Markup/EAN13_09_0009.xml
EAN13_09_0010,Image/EAN13_09_0010.jpg,Markup/EAN13_09_0010.xml
EAN13_09_0011,Image/EAN13_09_0011.jpg,Markup/EAN13_09_0011.xml
EAN13_09_0012,Image/EAN13_09_0012.jpg,Markup/EAN13_09_0012.xml
EAN13_09_0015,Image/EAN13_09_0015.jpg,Markup/EAN13_09_0015.xml
EAN13_09_0016,Image/EAN13_09_0016.jpg,Markup/EAN13_09_0016.xml
EAN13_09_0017,Image/EAN13_09_0017.jpg,Markup/EAN13_09_0017.xml
EAN13_09_0018,Image/EAN13_09_0018.jpg,Markup/EAN13_09_0018.xml
EAN13_09_0019,Image/EAN13_09_0019.jpg,Markup/EAN13_09_0019.xml
EAN13_09_0020,Image/EAN13_09_0020.jpg,Markup/EAN13_09_0020.xml
EAN13_09_0021,Image/EAN13_09_0021.jpg,Markup/EAN13_09_0021.xml
EAN13_09_0022,Image/EAN13_09_0022.jpg,Markup/EAN13_09_0022.xml
EAN13_09_0024,Image/EAN13_09_0024.jpg,Markup/EAN13_09_0024.xml
EAN13_09_0025,Image/EAN13_09_0025.jpg,Markup/EAN13_09_0025.xml
EAN13_09_0026,Image/EAN13_09_0026.jpg,Markup/EAN13_09_0026.xml
EAN13_09_0027,Image/EAN13_09_0027.jpg,Markup/EAN13_09_0027.xml
EAN13_09_0028,Image/EAN13_09_0028.jpg,Markup/EAN13_09_0028.xml
EAN13_09_0029,Image/EAN13_09_0029.jpg,Markup/EAN13_09_0029.xml
EAN13_09_0030,Image/EAN13_09_0030.jpg,Markup/EAN13_09_0030.xml
EAN13_09_0031,Image/EAN13_09_0031.jpg,Markup/EAN13_09_0031.xml
EAN13_09_0032,Image/EAN13_09_0032.jpg,Markup/EAN13_09_0032.xml
EAN13_09_0033,Image/EAN13_09_0033.jpg,Markup/EAN13_09_0033.xml
EAN13_09_0034,Image/EAN13_09_0034.jpg,Markup/EAN13_09_0034.xml
EAN13_09_0035,Image/EAN13_09_0035.jpg,Markup/EAN13_09_0035.xml
EAN13_09_0036,Image/EAN13_09_0036.jpg,Markup/EAN13_09_0036.xml
EAN13_09_0037,Image/EAN13_09_0037.jpg,Markup/EAN13_09_0037.xml
EAN13_09_0038,Image/EAN13_09_0038.jpg,Markup/EAN13_09_0038.xml
EAN13_09_0039,Image/EAN13_09_0039.jpg,Markup/EAN13_09_0039.xml
EAN13_09_0040,Image/EAN13_09_0040.jpg,Markup/EAN13_09_0040.xml
EAN13_09_0041,Image/EAN13_09_0041.jpg,Markup/EAN13_09_0041.xml
EAN13_09_0042,Image/EAN13_09_0042.jpg,Markup/EAN13_09_0042.xml
EAN13_09_0043,Image/EAN13_09_0043.jpg,Markup/EAN13_09_0043.xml
EAN13_09_0044,Image/EAN13_09_0044.jpg,Markup/EAN13_09_0044.xml
EAN13_09_0045,Image/EAN13_09_0045.jpg,Markup/EAN13_09_0045.xml
EAN13_09_0046,Image/EAN13_09_0046.jpg,Markup/EAN13_09_0046.xml
EAN13_09_0047,Image/EAN13_09_0047.jpg,Markup/EAN13_09_0047.xml
EAN13_09_0048,Image/EAN13_09_0048.jpg,Markup/EAN13_09_0048.xml
EAN13_09_0049,Image/EAN13_09_0049.jpg,Markup/EAN13_09_0049.xml
EAN13_09_0050,Image/EAN13_09_0050.jpg,Markup/EAN13_09_0050.xml
EAN13_09_0051,Image/EAN13_09_0051.jpg,Markup/EAN13_09_0051.xml
EAN13_09_0052,Image/EAN13_09_0052.jpg,Markup/EAN13_09_0052.xml
EAN13_09_0053,Image/EAN13_09_0053.jpg,Markup/EAN13_09_0053.xml
EAN13_09_0054,Image/EAN13_09_0054.jpg,Markup/EAN13_09_0054.xml
EAN13_09_0055,Image/EAN13_09_0055.jpg,Markup/EAN13_09_0055.xml
EAN13_09_0056,Image/EAN13_09_0056.jpg,Markup/EAN13_09_0056.xml
EAN13_09_0057,Image/EAN13_09_0057.jpg,Markup/EAN13_09_0057.xml
EAN13_09_0058,Image/EAN13_09_0058.jpg,Markup/EAN13_09_0058.xml
EAN13_09_0059,Image/EAN13_09_0059.jpg,Markup/EAN13_09_0059.xml
EAN13_09_0060,Image/EAN13_09_0060.jpg,Markup/EAN13_09_0060.xml
EAN13_09_0061,Image/EAN13_09_0061.jpg,Markup/EAN13_09_0061.xml
EAN13_09_0062,Image/EAN13_09_0062.jpg,Markup/EAN13_09_0062.xml
EAN13_09_0063,Image/EAN13_09_0063.jpg,Markup/EAN13_09_0063.xml
EAN13_09_0064,Image/EAN13_09_0064.jpg,Markup/EAN13_09_0064.xml
EAN13_09_0065,Image/EAN13_09_0065.jpg,Markup/EAN13_09_0065.xml
EAN13_09_0066,Image/EAN13_09_0066.jpg,Markup/EAN13_09_0066.xml
EAN13_09_0067,Image/EAN13_09_0067.jpg,Markup/EAN13_09_0067.xml
EAN13_09_0068,Image/EAN13_09_0068.jpg,Markup/EAN13_09_0068.xml
EAN13_09_0070,Image/EAN13_09_0070.jpg,Markup/EAN13_09_0070.xml
EAN13_09_0071,Image/EAN13_09_0071.jpg,Markup/EAN13_09_0071.xml
EAN13_09_0072,Image/EAN13_09_0072.jpg,Markup/EAN13_09_0072.xml
EAN13_09_0073,Image/EAN13_09_0073.jpg,Markup/EAN13_09_0073.xml
EAN13_09_0074,Image/EAN13_09_0074.jpg,Markup/EAN13_09_0074.xml
EAN13_09_0075,Image/EAN13_09_0075.jpg,Markup/EAN13_09_0075.xml
EAN13_09_0076,Image/EAN13_09_0076.jpg,Markup/EAN13_09_0076.xml
EAN13_09_0077,Image/EAN13_09_0077.jpg,Markup/EAN13_09_0077.xml
EAN13_09_0078,Image/EAN13_09_0078.jpg,Markup/EAN13_09_0078.xml
EAN13_09_0079,Image/EAN13_09_0079.jpg,Markup/EAN13_09_0079.xml
EAN13_09_0080,Image/EAN13_09_0080.jpg,Markup/EAN13_09_0080.xml
EAN13_09_0081,Image/EAN13_09_0081.jpg,Markup/EAN13_09_0081.xml
EAN13_09_0082,Image/EAN13_09_0082.jpg,Markup/EAN13_09_0082.xml
EAN13_09_0083,Image/EAN13_09_0083.jpg,Markup/EAN13_09_0083.xml
EAN13_09_0084,Image/EAN13_09_0084.jpg,Markup/EAN13_09_0084.xml
EAN13_09_0085,Image/EAN13_09_0085.jpg,Markup/EAN13_09_0085.xml
EAN13_09_0087,Image/EAN13_09_0087.jpg,Markup/EAN13_09_0087.xml
EAN13_09_0088,Image/EAN13_09_0088.jpg,Markup/EAN13_09_0088.xml
EAN13_09_0089,Image/EAN13_09_0089.jpg,Markup/EAN13_09_0089.xml
EAN13_09_0090,Image/EAN13_09_0090.jpg,Markup/EAN13_09_0090.xml
EAN13_09_0091,Image/EAN13_09_0091.jpg,Markup/EAN13_09_0091.xml
EAN13_09_0092,Image/EAN13_09_0092.jpg,Markup/EAN13_09_0092.xml
EAN13_09_0093,Image/EAN13_09_0093.jpg,Markup/EAN13_09_0093.xml
EAN13_09_0094,Image/EAN13_09_0094.jpg,Markup/EAN13_09_0094.xml
EAN13_09_0095,Image/EAN13_09_0095.jpg,Markup/EAN13_09_0095.xml
EAN13_09_0096,Image/EAN13_09_0096.jpg,Markup/EAN13_09_0096.xml
EAN13_09_0097,Image/EAN13_09_0097.jpg,Markup/EAN13_09_0097.xml
EAN13_09_0098,Image/EAN13_09_0098.jpg,Markup/EAN13_09_0098.xml
EAN13_09_0099,Image/EAN13_09_0099.jpg,Markup/EAN13_09_0099.xml
EAN13_09_0100,Image/EAN13_09_0100.jpg,Markup/EAN13_09_0100.xml
Excise_stamp_0002,Image/Excise_stamp_0002.jpg,Markup/Excise_stamp_0002.xml
Excise_stamp_0004,Image/Excise_stamp_0004.jpg,Markup/Excise_stamp_0004.xml
Excise_stamp_0007,Image/Excise_stamp_0007.jpg,Markup/Excise_stamp_0007.xml
Excise_stamp_0014,Image/Excise_stamp_0014.jpg,Markup/Excise_stamp_0014.xml
Excise_stamp_0015,Image/Excise_stamp_0015.jpg,Markup/Excise_stamp_0015.xml
Excise_stamp_0016,Image/Excise_stamp_0016.jpg,Markup/Excise_stamp_0016.xml
Excise_stamp_0018,Image/Excise_stamp_0018.jpg,Markup/Excise_stamp_0018.xml
Excise_stamp_0020,Image/Excise_stamp_0020.jpg,Markup/Excise_stamp_0020.xml
Excise_stamp_0022,Image/Excise_stamp_0022.jpg,Markup/Excise_stamp_0022.xml
Excise_stamp_0024,Image/Excise_stamp_0024.jpg,Markup/Excise_stamp_0024.xml
Excise_stamp_0025,Image/Excise_stamp_0025.jpg,Markup/Excise_stamp_0025.xml
Excise_stamp_0026,Image/Excise_stamp_0026.jpg,Markup/Excise_stamp_0026.xml
Excise_stamp_0028,Image/Excise_stamp_0028.jpg,Markup/Excise_stamp_0028.xml
Excise_stamp_0029,Image/Excise_stamp_0029.jpg,Markup/Excise_stamp_0029.xml
Excise_stamp_0030,Image/Excise_stamp_0030.jpg,Markup/Excise_stamp_0030.xml
Excise_stamp_0031,Image/Excise_stamp_0031.jpg,Markup/Excise_stamp_0031.xml
Excise_stamp_0032,Image/Excise_stamp_0032.jpg,Markup/Excise_stamp_0032.xml
Excise_stamp_0033,Image/Excise_stamp_0033.jpg,Markup/Excise_stamp_0033.xml
Excise_stamp_0034,Image/Excise_stamp_0034.jpg,Markup/Excise_stamp_0034.xml
Excise_stamp_0035,Image/Excise_stamp_0035.jpg,Markup/Excise_stamp_0035.xml
Excise_stamp_0036,Image/Excise_stamp_0036.jpg,Markup/Excise_stamp_0036.xml
Excise_stamp_0037,Image/Excise_stamp_0037.jpg,Markup/Excise_stamp_0037.xml
Excise_stamp_0038,Image/Excise_stamp_0038.jpg,Markup/Excise_stamp_0038.xml
Excise_stamp_0039,Image/Excise_stamp_0039.jpg,Markup/Excise_stamp_0039.xml
Excise_stamp_0040,Image/Excise_stamp_0040.jpg,Markup/Excise_stamp_0040.xml
Excise_stamp_0041,Image/Excise_stamp_0041.jpg,Markup/Excise_stamp_0041.xml
Excise_stamp_0042,Image/Excise_stamp_0042.jpg,Markup/Excise_stamp_0042.xml
Excise_stamp_0043,Image/Excise_stamp_0043.jpg,Markup/Excise_stamp_0043.xml
Excise_stamp_0044,Image/Excise_stamp_0044.jpg,Markup/Excise_stamp_0044.xml
Excise_stamp_0045,Image/Excise_stamp_0045.jpg,Markup/Excise_stamp_0045.xml
Excise_stamp_0047,Image/Excise_stamp_0047.jpg,Markup/Excise_stamp_0047.xml
Excise_stamp_0048,Image/Excise_stamp_0048.jpg,Markup/Excise_stamp_0048.xml
Excise_stamp_0050,Image/Excise_stamp_0050.jpg,Markup/Excise_stamp_0050.xml
Excise_stamp_0051,Image/Excise_stamp_0051.jpg,Markup/Excise_stamp_0051.xml
Excise_stamp_0052,Image/Excise_stamp_0052.jpg,Markup/Excise_stamp_0052.xml
Excise_stamp_0054,Image/Excise_stamp_0054.jpg,Markup/Excise_stamp_0054.xml
Excise_stamp_0055,Image/Excise_stamp_0055.jpg,Markup/Excise_stamp_0055.xml
QR-photo_26_0001,Image/QR-photo_26_0001.jpg,Markup/QR-photo_26_0001.xml
QR-photo_26_0002,Image/QR-photo_26_0002.jpg,Markup/QR-photo_26_0002.xml
QR-photo_26_0003,Image/QR-photo_26_0003.jpg,Markup/QR-photo_26_0003.xml
QR-photo_26_0004,Image/QR-photo_26_0004.jpg,Markup/QR-photo_26_0004.xml
QR-photo_26_0005,Image/QR-photo_26_0005.jpg,Markup/QR-photo_26_0005.xml
QR-photo_26_0006,Image/QR-photo_26_0006.jpg,Markup/QR-photo_26_0006.xml
QR-photo_26_0007,Image/QR-photo_26_0007.jpg,Markup/QR-photo_26_0007.xml
QR-photo_26_0008,Image/QR-photo_26_0008.jpg,Markup/QR-photo_26_0008.xml
QR-photo_26_0009,Image/QR-photo_26_0009.jpg,Markup/QR-photo_26_0009.xml
QR-photo_26_0010,Image/QR-photo_26_0010.jpg,Markup/QR-photo_26_0010.xml
QR-photo_26_0011,Image/QR-photo_26_0011.jpg,Markup/QR-photo_26_0011.xml
QR-photo_26_0012,Image/QR-photo_26_0012.jpg,Markup/QR-photo_26_0012.xml
QR-photo_26_0013,Image/QR-photo_26_0013.jpg,Markup/QR-photo_26_0013.xml
QR-photo_26_0014,Image/QR-photo_26_0014.jpg,Markup/QR-photo_26_0014.xml
QR-photo_26_0015,Image/QR-photo_26_0015.jpg,Markup/QR-photo_26_0015.xml
QR-photo_26_0016,Image/QR-photo_26_0016.jpg,Markup/QR-photo_26_0016.xml
QR-photo_26_0018,Image/QR-photo_26_0018.jpg,Markup/QR-photo_26_0018.xml
QR-photo_26_0019,Image/QR-photo_26_0019.jpg,Markup/QR-photo_26_0019.xml
QR-photo_26_0021,Image/QR-photo_26_0021.jpg,Markup/QR-photo_26_0021.xml
QR-photo_26_0022,Image/QR-photo_26_0022.jpg,Markup/QR-photo_26_0022.xml
QR-photo_26_0023,Image/QR-photo_26_0023.jpg,Markup/QR-photo_26_0023.xml
QR-photo_26_0024,Image/QR-photo_26_0024.jpg,Markup/QR-photo_26_0024.xml
QR-photo_26_0025,Image/QR-photo_26_0025.jpg,Markup/QR-photo_26_0025.xml
QR-photo_26_0026,Image/QR-photo_26_0026.jpg,Markup/QR-photo_26_0026.xml
QR-photo_26_0027,Image/QR-photo_26_0027.jpg,Markup/QR-photo_26_0027.xml
QR-photo_26_0028,Image/QR-photo_26_0028.jpg,Markup/QR-photo_26_0028.xml
QR-photo_26_0029,Image/QR-photo_26_0029.jpg,Markup/QR-photo_26_0029.xml
QR-photo_26_0030,Image/QR-photo_26_0030.jpg,Markup/QR-photo_26_0030.xml
QR-photo_26_0031,Image/QR-photo_26_0031.jpg,Markup/QR-photo_26_0031.xml
QR-photo_26_0032,Image/QR-photo_26_0032.jpg,Markup/QR-photo_26_0032.xml
QR-photo_26_0033,Image/QR-photo_26_0033.jpg,Markup/QR-photo_26_0033.xml
QR-photo_26_0034,Image/QR-photo_26_0034.jpg,Markup/QR-photo_26_0034.xml
QR-photo_26_0035,Image/QR-photo_26_0035.jpg,Markup/QR-photo_26_0035.xml
QR-photo_26_0036,Image/QR-photo_26_0036.jpg,Markup/QR-photo_26_0036.xml
QR-photo_26_0037,Image/QR-photo_26_0037.jpg,Markup/QR-photo_26_0037.xml
QR-photo_26_0038,Image/QR-photo_26_0038.jpg,Markup/QR-photo_26_0038.xml
QR-photo_26_0039,Image/QR-photo_26_0039.jpg,Markup/QR-photo_26_0039.xml
QR-photo_26_0040,Image/QR-photo_26_0040.jpg,Markup/QR-photo_26_0040.xml
QR-photo_26_0041,Image/QR-photo_26_0041.jpg,Markup/QR-photo_26_0041.xml
QR-photo_26_0042,Image/QR-photo_26_0042.jpg,Markup/QR-photo_26_0042.xml
QR-photo_26_0043,Image/QR-photo_26_0043.jpg,Markup/QR-photo_26_0043.xml
QR-photo_26_0044,Image/QR-photo_26_0044.jpg,Markup/QR-photo_26_0044.xml
QR-photo_26_0045,Image/QR-photo_26_0045.jpg,Markup/QR-photo_26_0045.xml
QR-photo_26_0046,Image/QR-photo_26_0046.jpg,Markup/QR-photo_26_0046.xml
QR-photo_26_0047,Image/QR-photo_26_0047.jpg,Markup/QR-photo_26_0047.xml
QR-photo_26_0048,Image/QR-photo_26_0048.jpg,Markup/QR-photo_26_0048.xml
QR-photo_26_0049,Image/QR-photo_26_0049.jpg,Markup/QR-photo_26_0049.xml
QR-photo_26_0050,Image/QR-photo_26_0050.jpg,Markup/QR-photo_26_0050.xml
QR-photo_26_0051,Image/QR-photo_26_0051.jpg,Markup/QR-photo_26_0051.xml
QR-photo_26_0052,Image/QR-photo_26_0052.jpg,Markup/QR-photo_26_0052.xml
QR-photo_26_0053,Image/QR-photo_26_0053.jpg,Markup/QR-photo_26_0053.xml
QR-photo_26_0054,Image/QR-photo_26_0054.jpg,Markup/QR-photo_26_0054.xml
QR-photo_26_0055,Image/QR-photo_26_0055.jpg,Markup/QR-photo_26_0055.xml
QR-photo_26_0056,Image/QR-photo_26_0056.jpg,Markup/QR-photo_26_0056.xml
QR-photo_26_0057,Image/QR-photo_26_0057.jpg,Markup/QR-photo_26_0057.xml
QR-photo_26_0058,Image/QR-photo_26_0058.jpg,Markup/QR-photo_26_0058.xml
QR-photo_26_0059,Image/QR-photo_26_0059.jpg,Markup/QR-photo_26_0059.xml
QR-photo_26_0060,Image/QR-photo_26_0060.jpg,Markup/QR-photo_26_0060.xml
QR-photo_26_0061,Image/QR-photo_26_0061.jpg,Markup/QR-photo_26_0061.xml
QR-photo_26_0062,Image/QR-photo_26_0062.jpg,Markup/QR-photo_26_0062.xml
QR-photo_26_0063,Image/QR-photo_26_0063.jpg,Markup/QR-photo_26_0063.xml
QR-photo_26_0064,Image/QR-photo_26_0064.jpg,Markup/QR-photo_26_0064.xml
QR-photo_26_0065,Image/QR-photo_26_0065.jpg,Markup/QR-photo_26_0065.xml
QR-photo_26_0066,Image/QR-photo_26_0066.jpg,Markup/QR-photo_26_0066.xml
QR-photo_26_0067,Image/QR-photo_26_0067.jpg,Markup/QR-photo_26_0067.xml
QR-photo_26_0068,Image/QR-photo_26_0068.jpg,Markup/QR-photo_26_0068.xml
QR-photo_26_0069,Image/QR-photo_26_0069.jpg,Markup/QR-photo_26_0069.xml
QR-photo_26_0070,Image/QR-photo_26_0070.jpg,Markup/QR-photo_26_0070.xml
QR-photo_26_0071,Image/QR-photo_26_0071.jpg,Markup/QR-photo_26_0071.xml
QR-photo_26_0072,Image/QR-photo_26_0072.jpg,Markup/QR-photo_26_0072.xml
QR-photo_26_0073,Image/QR-photo_26_0073.jpg,Markup/QR-photo_26_0073.xml
QR-photo_26_0074,Image/QR-photo_26_0074.jpg,Markup/QR-photo_26_0074.xml
QR-photo_26_0075,Image/QR-photo_26_0075.jpg,Markup/QR-photo_26_0075.xml
QR-photo_26_0076,Image/QR-photo_26_0076.jpg,Markup/QR-photo_26_0076.xml
QR-photo_26_0077,Image/QR-photo_26_0077.jpg,Markup/QR-photo_26_0077.xml
QR-photo_26_0078,Image/QR-photo_26_0078.jpg,Markup/QR-photo_26_0078.xml
QR-photo_26_0079,Image/QR-photo_26_0079.jpg,Markup/QR-photo_26_0079.xml
QR-photo_26_0080,Image/QR-photo_26_0080.jpg,Markup/QR-photo_26_0080.xml
QR-photo_26_0081,Image/QR-photo_26_0081.jpg,Markup/QR-photo_26_0081.xml
QR-photo_26_0082,Image/QR-photo_26_0082.jpg,Markup/QR-photo_26_0082.xml
QR-photo_26_0083,Image/QR-photo_26_0083.jpg,Markup/QR-photo_26_0083.xml
QR-photo_26_0084,Image/QR-photo_26_0084.jpg,Markup/QR-photo_26_0084.xml
QR-photo_26_0085,Image/QR-photo_26_0085.jpg,Markup/QR-photo_26_0085.xml
QR-photo_26_0086,Image/QR-photo_26_0086.jpg,Markup/QR-photo_26_0086.xml
QR-photo_26_0087,Image/QR-photo_26_0087.jpg,Markup/QR-photo_26_0087.xml
QR-photo_26_0088,Image/QR-photo_26_0088.jpg,Markup/QR-photo_26_0088.xml
QR-photo_26_0089,Image/QR-photo_26_0089.jpg,Markup/QR-photo_26_0089.xml
QR-photo_26_0090,Image/QR-photo_26_0090.jpg,Markup/QR-photo_26_0090.xml
RoyalMail_0001,Image/RoyalMail_0001.jpg,Markup/RoyalMail_0001.xml
RoyalMail_0002,Image/RoyalMail_0002.jpg,Markup/RoyalMail_0002.xml
RoyalMail_0003,Image/RoyalMail_0003.jpg,Markup/RoyalMail_0003.xml
RoyalMail_0004,Image/RoyalMail_0004.jpg,Markup/RoyalMail_0004.xml
RoyalMail_0005,Image/RoyalMail_0005.jpg,Markup/RoyalMail_0005.xml
RoyalMail_0006,Image/RoyalMail_0006.jpg,Markup/RoyalMail_0006.xml
RoyalMail_0007,Image/RoyalMail_0007.jpg,Markup/RoyalMail_0007.xml
RoyalMail_0008,Image/RoyalMail_0008.jpg,Markup/RoyalMail_0008.xml
RoyalMail_0009,Image/RoyalMail_0009.jpg,Markup/RoyalMail_0009.xml
RoyalMail_0010,Image/RoyalMail_0010.jpg,Markup/RoyalMail_0010.xml
RoyalMail_0011,Image/RoyalMail_0011.jpg,Markup/RoyalMail_0011.xml
RoyalMail_0012,Image/RoyalMail_0012.jpg,Markup/RoyalMail_0012.xml
RoyalMail_0013,Image/RoyalMail_0013.jpg,Markup/RoyalMail_0013.xml
RoyalMail_0014,Image/RoyalMail_0014.jpg,Markup/RoyalMail_0014.xml
RoyalMail_0015,Image/RoyalMail_0015.jpg,Markup/RoyalMail_0015.xml
RoyalMail_0016,Image/RoyalMail_0016.jpg,Markup/RoyalMail_0016.xml
RoyalMail_0017,Image/RoyalMail_0017.jpg,Markup/RoyalMail_0017.xml
RoyalMail_0018,Image/RoyalMail_0018.jpg,Markup/RoyalMail_0018.xml
RoyalMail_0019,Image/RoyalMail_0019.jpg,Markup/RoyalMail_0019.xml
RoyalMail_0020,Image/RoyalMail_0020.jpg,Markup/RoyalMail_0020.xml
RoyalMail_0021,Image/RoyalMail_0021.jpg,Markup/RoyalMail_0021.xml
RoyalMail_0022,Image/RoyalMail_0022.jpg,Markup/RoyalMail_0022.xml
RoyalMail_0023,Image/RoyalMail_0023.jpg,Markup/RoyalMail_0023.xml
RoyalMail_0024,Image/RoyalMail_0024.jpg,Markup/RoyalMail_0024.xml
RoyalMail_0025,Image/RoyalMail_0025.jpg,Markup/RoyalMail_0025.xml
RoyalMail_0026,Image/RoyalMail_0026.jpg,Markup/RoyalMail_0026.xml
RoyalMail_0027,Image/RoyalMail_0027.jpg,Markup/RoyalMail_0027.xml
RoyalMail_0028,Image/RoyalMail_0028.jpg,Markup/RoyalMail_0028.xml
RoyalMail_0029,Image/RoyalMail_0029.jpg,Markup/RoyalMail_0029.xml
RoyalMail_0030,Image/RoyalMail_0030.jpg,Markup/RoyalMail_0030.xml
RoyalMail_0031,Image/RoyalMail_0031.jpg,Markup/RoyalMail_0031.xml
RoyalMail_0032,Image/RoyalMail_0032.jpg,Markup/RoyalMail_0032.xml
RoyalMail_0033,Image/RoyalMail_0033.jpg,Markup/RoyalMail_0033.xml
RoyalMail_0034,Image/RoyalMail_0034.jpg,Markup/RoyalMail_0034.xml
RoyalMail_0035,Image/RoyalMail_0035.jpg,Markup/RoyalMail_0035.xml
RoyalMail_0036,Image/RoyalMail_0036.jpg,Markup/RoyalMail_0036.xml
RoyalMail_0037,Image/RoyalMail_0037.jpg,Markup/RoyalMail_0037.xml
RoyalMail_0038,Image/RoyalMail_0038.jpg,Markup/RoyalMail_0038.xml
RoyalMail_0039,Image/RoyalMail_0039.jpg,Markup/RoyalMail_0039.xml
RoyalMail_0040,Image/RoyalMail_0040.jpg,Markup/RoyalMail_0040.xml
RoyalMail_0041,Image/RoyalMail_0041.jpg,Markup/RoyalMail_0041.xml
RoyalMail_0042,Image/RoyalMail_0042.jpg,Markup/RoyalMail_0042.xml
RoyalMail_0043,Image/RoyalMail_0043.jpg,Markup/RoyalMail_0043.xml
RoyalMail_0044,Image/RoyalMail_0044.jpg,Markup/RoyalMail_0044.xml
RoyalMail_0045,Image/RoyalMail_0045.jpg,Markup/RoyalMail_0045.xml
RoyalMail_0046,Image/RoyalMail_0046.jpg,Markup/RoyalMail_0046.xml
RoyalMail_0047,Image/RoyalMail_0047.jpg,Markup/RoyalMail_0047.xml
RoyalMail_0048,Image/RoyalMail_0048.jpg,Markup/RoyalMail_0048.xml
RoyalMail_0049,Image/RoyalMail_0049.jpg,Markup/RoyalMail_0049.xml
RoyalMail_0050,Image/RoyalMail_0050.jpg,Markup/RoyalMail_0050.xml
RoyalMail_0051,Image/RoyalMail_0051.jpg,Markup/RoyalMail_0051.xml
RoyalMail_0052,Image/RoyalMail_0052.jpg,Markup/RoyalMail_0052.xml
RoyalMail_0053,Image/RoyalMail_0053.jpg,Markup/RoyalMail_0053.xml
RoyalMail_0054,Image/RoyalMail_0054.jpg,Markup/RoyalMail_0054.xml
RoyalMail_0055,Image/RoyalMail_0055.jpg,Markup/RoyalMail_0055.xml
RoyalMail_0056,Image/RoyalMail_0056.jpg,Markup/RoyalMail_0056.xml
RoyalMail_0057,Image/RoyalMail_0057.jpg,Markup/RoyalMail_0057.xml
RoyalMail_0058,Image/RoyalMail_0058.jpg,Markup/RoyalMail_0058.xml
RoyalMail_0059,Image/RoyalMail_0059.jpg,Markup/RoyalMail_0059.xml
RoyalMail_0060,Image/RoyalMail_0060.jpg,Markup/RoyalMail_0060.xml
RoyalMail_0061,Image/RoyalMail_0061.jpg,Markup/RoyalMail_0061.xml
RoyalMail_0062,Image/RoyalMail_0062.jpg,Markup/RoyalMail_0062.xml
RoyalMail_0063,Image/RoyalMail_0063.jpg,Markup/RoyalMail_0063.xml
RoyalMail_0064,Image/RoyalMail_0064.jpg,Markup/RoyalMail_0064.xml
RoyalMail_0065,Image/RoyalMail_0065.jpg,Markup/RoyalMail_0065.xml
RoyalMail_0066,Image/RoyalMail_0066.jpg,Markup/RoyalMail_0066.xml
RoyalMail_0067,Image/RoyalMail_0067.jpg,Markup/RoyalMail_0067.xml
RoyalMail_0068,Image/RoyalMail_0068.jpg,Markup/RoyalMail_0068.xml
RoyalMail_0069,Image/RoyalMail_0069.jpg,Markup/RoyalMail_0069.xml
RoyalMail_0070,Image/RoyalMail_0070.jpg,Markup/RoyalMail_0070.xml
RoyalMail_0071,Image/RoyalMail_0071.jpg,Markup/RoyalMail_0071.xml
RoyalMail_0072,Image/RoyalMail_0072.jpg,Markup/RoyalMail_0072.xml
RoyalMail_0073,Image/RoyalMail_0073.jpg,Markup/RoyalMail_0073.xml
RoyalMail_0074,Image/RoyalMail_0074.jpg,Markup/RoyalMail_0074.xml
RoyalMail_0075,Image/RoyalMail_0075.jpg,Markup/RoyalMail_0075.xml
RoyalMail_0076,Image/RoyalMail_0076.jpg,Markup/RoyalMail_0076.xml
RoyalMail_0077,Image/RoyalMail_0077.jpg,Markup/RoyalMail_0077.xml
RoyalMail_0078,Image/RoyalMail_0078.jpg,Markup/RoyalMail_0078.xml
RoyalMail_0079,Image/RoyalMail_0079.jpg,Markup/RoyalMail_0079.xml
RoyalMail_0080,Image/RoyalMail_0080.jpg,Markup/RoyalMail_0080.xml
RoyalMail_0081,Image/RoyalMail_0081.jpg,Markup/RoyalMail_0081.xml
RoyalMail_0082,Image/RoyalMail_0082.jpg,Markup/RoyalMail_0082.xml
RoyalMail_0083,Image/RoyalMail_0083.jpg,Markup/RoyalMail_0083.xml
RoyalMail_0084,Image/RoyalMail_0084.jpg,Markup/RoyalMail_0084.xml
RoyalMail_0085,Image/RoyalMail_0085.jpg,Markup/RoyalMail_0085.xml
RoyalMail_0086,Image/RoyalMail_0086.jpg,Markup/RoyalMail_0086.xml
RoyalMail_0087,Image/RoyalMail_0087.jpg,Markup/RoyalMail_0087.xml
RoyalMail_0088,Image/RoyalMail_0088.jpg,Markup/RoyalMail_0088.xml
RoyalMail_0089,Image/RoyalMail_0089.jpg,Markup/RoyalMail_0089.xml
RoyalMail_0090,Image/RoyalMail_0090.jpg,Markup/RoyalMail_0090.xml
RoyalMail_0091,Image/RoyalMail_0091.jpg,Markup/RoyalMail_0091.xml
RoyalMail_0092,Image/RoyalMail_0092.jpg,Markup/RoyalMail_0092.xml
RoyalMail_0093,Image/RoyalMail_0093.jpg,Markup/RoyalMail_0093.xml
RoyalMail_0094,Image/RoyalMail_0094.jpg,Markup/RoyalMail_0094.xml
RoyalMail_0095,Image/RoyalMail_0095.jpg,Markup/RoyalMail_0095.xml
RoyalMail_0096,Image/RoyalMail_0096.jpg,Markup/RoyalMail_0096.xml
RoyalMail_0097,Image/RoyalMail_0097.jpg,Markup/RoyalMail_0097.xml
RoyalMail_0098,Image/RoyalMail_0098.jpg,Markup/RoyalMail_0098.xml
RoyalMail_0099,Image/RoyalMail_0099.jpg,Markup/RoyalMail_0099.xml
RoyalMail_0100,Image/RoyalMail_0100.jpg,Markup/RoyalMail_0100.xml
RoyalMail_0101,Image/RoyalMail_0101.jpg,Markup/RoyalMail_0101.xml
RoyalMail_0102,Image/RoyalMail_0102.jpg,Markup/RoyalMail_0102.xml
RoyalMail_0103,Image/RoyalMail_0103.jpg,Markup/RoyalMail_0103.xml
RoyalMail_0104,Image/RoyalMail_0104.jpg,Markup/RoyalMail_0104.xml
RoyalMail_0105,Image/RoyalMail_0105.jpg,Markup/RoyalMail_0105.xml
RoyalMail_0106,Image/RoyalMail_0106.jpg,Markup/RoyalMail_0106.xml
RoyalMail_0107,Image/RoyalMail_0107.jpg,Markup/RoyalMail_0107.xml
RoyalMail_0108,Image/RoyalMail_0108.jpg,Markup/RoyalMail_0108.xml
RoyalMail_0109,Image/RoyalMail_0109.jpg,Markup/RoyalMail_0109.xml
RoyalMail_0110,Image/RoyalMail_0110.jpg,Markup/RoyalMail_0110.xml
RoyalMail_0111,Image/RoyalMail_0111.jpg,Markup/RoyalMail_0111.xml
RoyalMail_0112,Image/RoyalMail_0112.jpg,Markup/RoyalMail_0112.xml
RoyalMail_0113,Image/RoyalMail_0113.jpg,Markup/RoyalMail_0113.xml
RoyalMail_0114,Image/RoyalMail_0114.jpg,Markup/RoyalMail_0114.xml
RoyalMail_0115,Image/RoyalMail_0115.jpg,Markup/RoyalMail_0115.xml
RoyalMail_0116,Image/RoyalMail_0116.jpg,Markup/RoyalMail_0116.xml
RoyalMail_0117,Image/RoyalMail_0117.jpg,Markup/RoyalMail_0117.xml
RoyalMail_0118,Image/RoyalMail_0118.jpg,Markup/RoyalMail_0118.xml
RoyalMail_0119,Image/RoyalMail_0119.jpg,Markup/RoyalMail_0119.xml
RoyalMail_0120,Image/RoyalMail_0120.jpg,Markup/RoyalMail_0120.xml
RoyalMail_0121,Image/RoyalMail_0121.jpg,Markup/RoyalMail_0121.xml
RoyalMail_0122,Image/RoyalMail_0122.jpg,Markup/RoyalMail_0122.xml
RoyalMail_0123,Image/RoyalMail_0123.jpg,Markup/RoyalMail_0123.xml
RoyalMail_0124,Image/RoyalMail_0124.jpg,Markup/RoyalMail_0124.xml
RoyalMail_0125,Image/RoyalMail_0125.jpg,Markup/RoyalMail_0125.xml
RoyalMail_0126,Image/RoyalMail_0126.jpg,Markup/RoyalMail_0126.xml
RoyalMail_0127,Image/RoyalMail_0127.jpg,Markup/RoyalMail_0127.xml
RoyalMail_0128,Image/RoyalMail_0128.jpg,Markup/RoyalMail_0128.xml
RoyalMail_0129,Image/RoyalMail_0129.jpg,Markup/RoyalMail_0129.xml
RoyalMail_0130,Image/RoyalMail_0130.jpg,Markup/RoyalMail_0130.xml
RoyalMail_0131,Image/RoyalMail_0131.jpg,Markup/RoyalMail_0131.xml
RoyalMail_0132,Image/RoyalMail_0132.jpg,Markup/RoyalMail_0132.xml
RoyalMail_0133,Image/RoyalMail_0133.jpg,Markup/RoyalMail_0133.xml
RoyalMail_0134,Image/RoyalMail_0134.jpg,Markup/RoyalMail_0134.xml
RoyalMail_0135,Image/RoyalMail_0135.jpg,Markup/RoyalMail_0135.xml
RoyalMail_0136,Image/RoyalMail_0136.jpg,Markup/RoyalMail_0136.xml
RoyalMail_0137,Image/RoyalMail_0137.jpg,Markup/RoyalMail_0137.xml
RoyalMail_0138,Image/RoyalMail_0138.jpg,Markup/RoyalMail_0138.xml
RoyalMail_0139,Image/RoyalMail_0139.jpg,Markup/RoyalMail_0139.xml
RoyalMail_0140,Image/RoyalMail_0140.jpg,Markup/RoyalMail_0140.xml
RoyalMail_0141,Image/RoyalMail_0141.jpg,Markup/RoyalMail_0141.xml
RoyalMail_0142,Image/RoyalMail_0142.jpg,Markup/RoyalMail_0142.xml
RoyalMail_0143,Image/RoyalMail_0143.jpg,Markup/RoyalMail_0143.xml
RoyalMail_0144,Image/RoyalMail_0144.jpg,Markup/RoyalMail_0144.xml
RoyalMail_0145,Image/RoyalMail_0145.jpg,Markup/RoyalMail_0145.xml
RoyalMail_0146,Image/RoyalMail_0146.jpg,Markup/RoyalMail_0146.xml
RoyalMail_0147,Image/RoyalMail_0147.jpg,Markup/RoyalMail_0147.xml
RoyalMail_0148,Image/RoyalMail_0148.jpg,Markup/RoyalMail_0148.xml
RoyalMail_0149,Image/RoyalMail_0149.jpg,Markup/RoyalMail_0149.xml
RoyalMail_0150,Image/RoyalMail_0150.jpg,Markup/RoyalMail_0150.xml
RoyalMail_0151,Image/RoyalMail_0151.jpg,Markup/RoyalMail_0151.xml
RoyalMail_0152,Image/RoyalMail_0152.jpg,Markup/RoyalMail_0152.xml
RoyalMail_0153,Image/RoyalMail_0153.jpg,Markup/RoyalMail_0153.xml
RoyalMail_0154,Image/RoyalMail_0154.jpg,Markup/RoyalMail_0154.xml
RoyalMail_0155,Image/RoyalMail_0155.jpg,Markup/RoyalMail_0155.xml
RoyalMail_0156,Image/RoyalMail_0156.jpg,Markup/RoyalMail_0156.xml
RoyalMail_0157,Image/RoyalMail_0157.jpg,Markup/RoyalMail_0157.xml
RoyalMail_0158,Image/RoyalMail_0158.jpg,Markup/RoyalMail_0158.xml
RoyalMail_0159,Image/RoyalMail_0159.jpg,Markup/RoyalMail_0159.xml
RoyalMail_0160,Image/RoyalMail_0160.jpg,Markup/RoyalMail_0160.xml
RoyalMail_0161,Image/RoyalMail_0161.jpg,Markup/RoyalMail_0161.xml
RoyalMail_0162,Image/RoyalMail_0162.jpg,Markup/RoyalMail_0162.xml
RoyalMail_0163,Image/RoyalMail_0163.jpg,Markup/RoyalMail_0163.xml
RoyalMail_0164,Image/RoyalMail_0164.jpg,Markup/RoyalMail_0164.xml
RoyalMail_0165,Image/RoyalMail_0165.jpg,Markup/RoyalMail_0165.xml
RoyalMail_0166,Image/RoyalMail_0166.jpg,Markup/RoyalMail_0166.xml
RoyalMail_0167,Image/RoyalMail_0167.jpg,Markup/RoyalMail_0167.xml
RoyalMail_0168,Image/RoyalMail_0168.jpg,Markup/RoyalMail_0168.xml
RoyalMail_0169,Image/RoyalMail_0169.jpg,Markup/RoyalMail_0169.xml
RoyalMail_0170,Image/RoyalMail_0170.jpg,Markup/RoyalMail_0170.xml
RoyalMail_0171,Image/RoyalMail_0171.jpg,Markup/RoyalMail_0171.xml
RoyalMail_0172,Image/RoyalMail_0172.jpg,Markup/RoyalMail_0172.xml
RoyalMail_0173,Image/RoyalMail_0173.jpg,Markup/RoyalMail_0173.xml
RoyalMail_0174,Image/RoyalMail_0174.jpg,Markup/RoyalMail_0174.xml
RoyalMail_0175,Image/RoyalMail_0175.jpg,Markup/RoyalMail_0175.xml
RoyalMail_0176,Image/RoyalMail_0176.jpg,Markup/RoyalMail_0176.xml
RoyalMail_0177,Image/RoyalMail_0177.jpg,Markup/RoyalMail_0177.xml
RoyalMail_0178,Image/RoyalMail_0178.jpg,Markup/RoyalMail_0178.xml
RoyalMail_0179,Image/RoyalMail_0179.jpg,Markup/RoyalMail_0179.xml
RoyalMail_0180,Image/RoyalMail_0180.jpg,Markup/RoyalMail_0180.xml
RoyalMail_0181,Image/RoyalMail_0181.jpg,Markup/RoyalMail_0181.xml
RoyalMail_0182,Image/RoyalMail_0182.jpg,Markup/RoyalMail_0182.xml
RoyalMail_0183,Image/RoyalMail_0183.jpg,Markup/RoyalMail_0183.xml
RoyalMail_0184,Image/RoyalMail_0184.jpg,Markup/RoyalMail_0184.xml
RoyalMail_0185,Image/RoyalMail_0185.jpg,Markup/RoyalMail_0185.xml
RoyalMail_0186,Image/RoyalMail_0186.jpg,Markup/RoyalMail_0186.xml
RoyalMail_0187,Image/RoyalMail_0187.jpg,Markup/RoyalMail_0187.xml
RoyalMail_0188,Image/RoyalMail_0188.jpg,Markup/RoyalMail_0188.xml
RoyalMail_0189,Image/RoyalMail_0189.jpg,Markup/RoyalMail_0189.xml
RoyalMail_0190,Image/RoyalMail_0190.jpg,Markup/RoyalMail_0190.xml
RoyalMail_0191,Image/RoyalMail_0191.jpg,Markup/RoyalMail_0191.xml
RoyalMail_0192,Image/RoyalMail_0192.jpg,Markup/RoyalMail_0192.xml
RoyalMail_0193,Image/RoyalMail_0193.jpg,Markup/RoyalMail_0193.xml
RoyalMail_0194,Image/RoyalMail_0194.jpg,Markup/RoyalMail_0194.xml
RoyalMail_0195,Image/RoyalMail_0195.jpg,Markup/RoyalMail_0195.xml
RoyalMail_0196,Image/RoyalMail_0196.jpg,Markup/RoyalMail_0196.xml
RoyalMail_0197,Image/RoyalMail_0197.jpg,Markup/RoyalMail_0197.xml
RoyalMail_0198,Image/RoyalMail_0198.jpg,Markup/RoyalMail_0198.xml
RoyalMail_0199,Image/RoyalMail_0199.jpg,Markup/RoyalMail_0199.xml
RoyalMail_0200,Image/RoyalMail_0200.jpg,Markup/RoyalMail_0200.xml
Special_0001,Image/Special_0001.jpg,Markup/Special_0001.xml
Special_0002,Image/Special_0002.tif,Markup/Special_0002.xml
Special_0004,Image/Special_0004.tif,Markup/Special_0004.xml
Special_0005,Image/Special_0005.tif,Markup/Special_0005.xml
Special_0006,Image/Special_0006.tif,Markup/Special_0006.xml
Special_0007,Image/Special_0007.tif,Markup/Special_0007.xml
Special_0008,Image/Special_0008.tif,Markup/Special_0008.xml
Special_0009,Image/Special_0009.tif,Markup/Special_0009.xml
Special_0010,Image/Special_0010.tif,Markup/Special_0010.xml
Special_0011,Image/Special_0011.tif,Markup/Special_0011.xml
Special_0012,Image/Special_0012.tif,Markup/Special_0012.xml
Special_0013,Image/Special_0013.tif,Markup/Special_0013.xml
Special_0014,Image/Special_0014.tif,Markup/Special_0014.xml
Special_0016,Image/Special_0016.tif,Markup/Special_0016.xml
Special_0018,Image/Special_0018.tif,Markup/Special_0018.xml
Special_0019,Image/Special_0019.jpg,Markup/Special_0019.xml
Special_0020,Image/Special_0020.tif,Markup/Special_0020.xml
Special_0021,Image/Special_0021.jpg,Markup/Special_0021.xml
Special_0022,Image/Special_0022.tif,Markup/Special_0022.xml
Special_0023,Image/Special_0023.jpg,Markup/Special_0023.xml
Special_0024,Image/Special_0024.jpg,Markup/Special_0024.xml
Special_0025,Image/Special_0025.tif,Markup/Special_0025.xml
Special_0026,Image/Special_0026.jpg,Markup/Special_0026.xml
Special_0027,Image/Special_0027.jpg,Markup/Special_0027.xml
Special_0028,Image/Special_0028.jpg,Markup/Special_0028.xml
Special_0029,Image/Special_0029.jpg,Markup/Special_0029.xml
Special_0030,Image/Special_0030.jpg,Markup/Special_0030.xml
Special_0031,Image/Special_0031.jpg,Markup/Special_0031.xml
Special_0032,Image/Special_0032.jpg,Markup/Special_0032.xml
Special_0033,Image/Special_0033.jpg,Markup/Special_0033.xml
Special_0035,Image/Special_0035.jpg,Markup/Special_0035.xml
Special_0036,Image/Special_0036.jpg,Markup/Special_0036.xml
Special_0037,Image/Special_0037.jpg,Markup/Special_0037.xml
Special_0038,Image/Special_0038.jpg,Markup/Special_0038.xml
Special_0039,Image/Special_0039.tif,Markup/Special_0039.xml
Special_0040,Image/Special_0040.tif,Markup/Special_0040.xml
Special_0041,Image/Special_0041.tiff,Markup/Special_0041.xml
Special_0042,Image/Special_0042.tiff,Markup/Special_0042.xml
Special_0043,Image/Special_0043.jpg,Markup/Special_0043.xml
Special_0044,Image/Special_0044.jpg,Markup/Special_0044.xml
Special_0045,Image/Special_0045.jpg,Markup/Special_0045.xml
Special_0046,Image/Special_0046.tiff,Markup/Special_0046.xml
Special_0047,Image/Special_0047.jpg,Markup/Special_0047.xml
Special_0048,Image/Special_0048.tiff,Markup/Special_0048.xml
Special_0049,Image/Special_0049.tiff,Markup/Special_0049.xml
Special_0050,Image/Special_0050.jpg,Markup/Special_0050.xml
Special_0051,Image/Special_0051.jpg,Markup/Special_0051.xml
Special_0052,Image/Special_0052.tif,Markup/Special_0052.xml
Special_0053,Image/Special_0053.jpg,Markup/Special_0053.xml
Special_0054,Image/Special_0054.tif,Markup/Special_0054.xml
Special_0055,Image/Special_0055.jpg,Markup/Special_0055.xml
Special_0056,Image/Special_0056.jpg,Markup/Special_0056.xml
Special_0057,Image/Special_0057.jpg,Markup/Special_0057.xml
Special_0058,Image/Special_0058.jpg,Markup/Special_0058.xml
Special_0059,Image/Special_0059.jpg,Markup/Special_0059.xml
Special_0060,Image/Special_0060.jpg,Markup/Special_0060.xml
Special_0061,Image/Special_0061.jpg,Markup/Special_0061.xml
Special_0062,Image/Special_0062.jpg,Markup/Special_0062.xml
Special_0063,Image/Special_0063.jpg,Markup/Special_0063.xml
Special_0064,Image/Special_0064.jpg,Markup/Special_0064.xml
Special_0065,Image/Special_0065.jpg,Markup/Special_0065.xml
Special_0066,Image/Special_0066.jpg,Markup/Special_0066.xml
Special_0067,Image/Special_0067.tif,Markup/Special_0067.xml
Special_0068,Image/Special_0068.jpg,Markup/Special_0068.xml
Special_0069,Image/Special_0069.jpg,Markup/Special_0069.xml
Special_0070,Image/Special_0070.jpeg,Markup/Special_0070.xml
Special_0071,Image/Special_0071.jpg,Markup/Special_0071.xml
Special_0072,Image/Special_0072.jpg,Markup/Special_0072.xml
Special_0073,Image/Special_0073.jpg,Markup/Special_0073.xml
Special_0074,Image/Special_0074.jpg,Markup/Special_0074.xml
Special_0075,Image/Special_0075.jpg,Markup/Special_0075.xml
Special_0076,Image/Special_0076.jpg,Markup/Special_0076.xml
Special_0077,Image/Special_0077.jpg,Markup/Special_0077.xml
Special_0078,Image/Special_0078.jpg,Markup/Special_0078.xml
Special_0079,Image/Special_0079.jpg,Markup/Special_0079.xml
Special_0080,Image/Special_0080.jpg,Markup/Special_0080.xml
Special_0081,Image/Special_0081.jpeg,Markup/Special_0081.xml
Special_0082,Image/Special_0082.jpg,Markup/Special_0082.xml
Special_0083,Image/Special_0083.jpg,Markup/Special_0083.xml
Special_0084,Image/Special_0084.jpg,Markup/Special_0084.xml
Special_0086,Image/Special_0086.jpg,Markup/Special_0086.xml
Special_0087,Image/Special_0087.jpg,Markup/Special_0087.xml
Special_0088,Image/Special_0088.jpg,Markup/Special_0088.xml
Special_0089,Image/Special_0089.jpg,Markup/Special_0089.xml
Special_0090,Image/Special_0090.jpg,Markup/Special_0090.xml
Special_0091,Image/Special_0091.jpg,Markup/Special_0091.xml
Special_0092,Image/Special_0092.jpg,Markup/Special_0092.xml
Special_0093,Image/Special_0093.jpg,Markup/Special_0093.xml
Special_0094,Image/Special_0094.jpg,Markup/Special_0094.xml
Special_0095,Image/Special_0095.jpg,Markup/Special_0095.xml
Special_0096,Image/Special_0096.jpg,Markup/Special_0096.xml
Special_0097,Image/Special_0097.jpg,Markup/Special_0097.xml
Special_0098,Image/Special_0098.jpg,Markup/Special_0098.xml
Special_0099,Image/Special_0099.jpg,Markup/Special_0099.xml
Special_0100,Image/Special_0100.jpg,Markup/Special_0100.xml
Special_0101,Image/Special_0101.jpg,Markup/Special_0101.xml
Special_0102,Image/Special_0102.jpg,Markup/Special_0102.xml
Special_0103,Image/Special_0103.jpg,Markup/Special_0103.xml
Special_0104,Image/Special_0104.jpg,Markup/Special_0104.xml
Special_0105,Image/Special_0105.jpg,Markup/Special_0105.xml
Special_0106,Image/Special_0106.jpg,Markup/Special_0106.xml
Special_0107,Image/Special_0107.jpg,Markup/Special_0107.xml
Special_0108,Image/Special_0108.jpg,Markup/Special_0108.xml
Special_0109,Image/Special_0109.jpg,Markup/Special_0109.xml
Special_0110,Image/Special_0110.jpg,Markup/Special_0110.xml
Special_0111,Image/Special_0111.jpg,Markup/Special_0111.xml
Special_0112,Image/Special_0112.jpeg,Markup/Special_0112.xml
Special_0113,Image/Special_0113.jpg,Markup/Special_0113.xml
Special_0114,Image/Special_0114.jpg,Markup/Special_0114.xml
Special_0115,Image/Special_0115.jpg,Markup/Special_0115.xml
Special_0117,Image/Special_0117.jpg,Markup/Special_0117.xml
Special_0118,Image/Special_0118.jpg,Markup/Special_0118.xml
Special_0119,Image/Special_0119.jpg,Markup/Special_0119.xml
Special_0120,Image/Special_0120.jpg,Markup/Special_0120.xml
Special_0121,Image/Special_0121.jpg,Markup/Special_0121.xml
Special_0122,Image/Special_0122.jpg,Markup/Special_0122.xml
Special_0123,Image/Special_0123.jpg,Markup/Special_0123.xml
Special_0124,Image/Special_0124.jpg,Markup/Special_0124.xml
Special_0125,Image/Special_0125.jpg,Markup/Special_0125.xml
Special_0126,Image/Special_0126.jpg,Markup/Special_0126.xml
Special_0127,Image/Special_0127.jpg,Markup/Special_0127.xml
Special_0128,Image/Special_0128.jpg,Markup/Special_0128.xml
Special_0129,Image/Special_0129.jpg,Markup/Special_0129.xml
Special_0130,Image/Special_0130.jpg,Markup/Special_0130.xml
Special_0131,Image/Special_0131.jpg,Markup/Special_0131.xml
Special_0132,Image/Special_0132.jpg,Markup/Special_0132.xml
Special_0133,Image/Special_0133.jpg,Markup/Special_0133.xml
Special_0134,Image/Special_0134.jpg,Markup/Special_0134.xml
Special_0135,Image/Special_0135.jpg,Markup/Special_0135.xml
Special_0136,Image/Special_0136.jpg,Markup/Special_0136.xml
Special_0137,Image/Special_0137.jpg,Markup/Special_0137.xml
Special_0138,Image/Special_0138.jpg,Markup/Special_0138.xml
Special_0139,Image/Special_0139.jpg,Markup/Special_0139.xml
Special_0140,Image/Special_0140.jpg,Markup/Special_0140.xml
Special_0141,Image/Special_0141.jpg,Markup/Special_0141.xml
Special_0142,Image/Special_0142.jpg,Markup/Special_0142.xml
Special_0143,Image/Special_0143.jpg,Markup/Special_0143.xml
Special_0144,Image/Special_0144.jpg,Markup/Special_0144.xml
Special_0145,Image/Special_0145.jpg,Markup/Special_0145.xml
Special_0146,Image/Special_0146.jpg,Markup/Special_0146.xml
Special_0147,Image/Special_0147.jpg,Markup/Special_0147.xml
Special_0148,Image/Special_0148.jpg,Markup/Special_0148.xml
Special_0149,Image/Special_0149.jpg,Markup/Special_0149.xml
Special_0150,Image/Special_0150.jpg,Markup/Special_0150.xml
Special_0153,Image/Special_0153.jpg,Markup/Special_0153.xml
Special_0154,Image/Special_0154.jpg,Markup/Special_0154.xml
Special_0156,Image/Special_0156.jpg,Markup/Special_0156.xml
Special_0157,Image/Special_0157.jpg,Markup/Special_0157.xml
Special_0158,Image/Special_0158.jpg,Markup/Special_0158.xml
Special_0161,Image/Special_0161.jpg,Markup/Special_0161.xml
Special_0163,Image/Special_0163.jpg,Markup/Special_0163.xml
Special_0164,Image/Special_0164.jpg,Markup/Special_0164.xml
Special_0165,Image/Special_0165.jpg,Markup/Special_0165.xml
Special_0166,Image/Special_0166.jpg,Markup/Special_0166.xml
Special_0169,Image/Special_0169.jpg,Markup/Special_0169.xml
Special_0170,Image/Special_0170.jpg,Markup/Special_0170.xml
Special_0171,Image/Special_0171.jpg,Markup/Special_0171.xml
Special_0172,Image/Special_0172.jpg,Markup/Special_0172.xml
Special_0173,Image/Special_0173.jpg,Markup/Special_0173.xml
Special_0174,Image/Special_0174.jpg,Markup/Special_0174.xml
Special_0175,Image/Special_0175.jpg,Markup/Special_0175.xml
Special_0176,Image/Special_0176.jpg,Markup/Special_0176.xml
Special_0177,Image/Special_0177.jpeg,Markup/Special_0177.xml
Special_0178,Image/Special_0178.jpg,Markup/Special_0178.xml
Special_0179,Image/Special_0179.jpg,Markup/Special_0179.xml
Special_0180,Image/Special_0180.jpg,Markup/Special_0180.xml
Special_0182,Image/Special_0182.jpg,Markup/Special_0182.xml
Special_0183,Image/Special_0183.jpg,Markup/Special_0183.xml
Special_0184,Image/Special_0184.jpg,Markup/Special_0184.xml
Special_0185,Image/Special_0185.jpg,Markup/Special_0185.xml
Special_0186,Image/Special_0186.jpeg,Markup/Special_0186.xml
Special_0187,Image/Special_0187.jpg,Markup/Special_0187.xml
Special_0188,Image/Special_0188.jpg,Markup/Special_0188.xml
Special_0189,Image/Special_0189.jpg,Markup/Special_0189.xml
Special_0190,Image/Special_0190.jpg,Markup/Special_0190.xml
Special_0191,Image/Special_0191.jpg,Markup/Special_0191.xml
Special_0192,Image/Special_0192.jpg,Markup/Special_0192.xml
Special_0193,Image/Special_0193.jpg,Markup/Special_0193.xml
Special_0194,Image/Special_0194.jpg,Markup/Special_0194.xml
Special_0195,Image/Special_0195.jpg,Markup/Special_0195.xml
Special_0196,Image/Special_0196.jpg,Markup/Special_0196.xml
Special_0197,Image/Special_0197.jpg,Markup/Special_0197.xml
Special_0198,Image/Special_0198.jpg,Markup/Special_0198.xml
Special_0199,Image/Special_0199.jpg,Markup/Special_0199.xml
Special_0200,Image/Special_0200.jpg,Markup/Special_0200.xml
Special_0201,Image/Special_0201.jpg,Markup/Special_0201.xml
Special_0202,Image/Special_0202.jpg,Markup/Special_0202.xml
Special_0204,Image/Special_0204.jpg,Markup/Special_0204.xml
Special_0205,Image/Special_0205.jpg,Markup/Special_0205.xml
Special_0206,Image/Special_0206.jpg,Markup/Special_0206.xml
Special_0207,Image/Special_0207.jpg,Markup/Special_0207.xml
Special_0208,Image/Special_0208.jpg,Markup/Special_0208.xml
Special_0209,Image/Special_0209.jpg,Markup/Special_0209.xml
Special_0210,Image/Special_0210.jpg,Markup/Special_0210.xml
Special_0211,Image/Special_0211.jpg,Markup/Special_0211.xml
Special_0212,Image/Special_0212.jpg,Markup/Special_0212.xml
Special_0213,Image/Special_0213.jpg,Markup/Special_0213.xml
Special_0214,Image/Special_0214.jpg,Markup/Special_0214.xml
Special_0215,Image/Special_0215.jpg,Markup/Special_0215.xml
Special_0216,Image/Special_0216.jpg,Markup/Special_0216.xml
Special_0217,Image/Special_0217.jpg,Markup/Special_0217.xml
Special_0218,Image/Special_0218.jpg,Markup/Special_0218.xml
Special_0219,Image/Special_0219.jpg,Markup/Special_0219.xml
Special_0220,Image/Special_0220.jpg,Markup/Special_0220.xml
Special_0221,Image/Special_0221.jpg,Markup/Special_0221.xml
Special_0222,Image/Special_0222.jpg,Markup/Special_0222.xml
Special_0223,Image/Special_0223.jpg,Markup/Special_0223.xml
Special_0224,Image/Special_0224.jpg,Markup/Special_0224.xml
Special_0225,Image/Special_0225.jpg,Markup/Special_0225.xml
Special_0226,Image/Special_0226.jpg,Markup/Special_0226.xml
Special_0227,Image/Special_0227.jpg,Markup/Special_0227.xml
Special_0228,Image/Special_0228.jpg,Markup/Special_0228.xml
Special_0229,Image/Special_0229.jpg,Markup/Special_0229.xml
Special_0230,Image/Special_0230.jpg,Markup/Special_0230.xml
Special_0231,Image/Special_0231.jpg,Markup/Special_0231.xml
Special_0232,Image/Special_0232.tif,Markup/Special_0232.xml
Special_0234,Image/Special_0234.jpg,Markup/Special_0234.xml
Special_0235,Image/Special_0235.jpg,Markup/Special_0235.xml
Special_0236,Image/Special_0236.jpg,Markup/Special_0236.xml
Special_0237,Image/Special_0237.jpg,Markup/Special_0237.xml
Special_0239,Image/Special_0239.jpg,Markup/Special_0239.xml
Special_0240,Image/Special_0240.tif,Markup/Special_0240.xml
Special_0241,Image/Special_0241.tif,Markup/Special_0241.xml
Special_0242,Image/Special_0242.tif,Markup/Special_0242.xml
Special_0243,Image/Special_0243.tif,Markup/Special_0243.xml
Special_0244,Image/Special_0244.jpg,Markup/Special_0244.xml
Special_0245,Image/Special_0245.jpg,Markup/Special_0245.xml
Special_0246,Image/Special_0246.tiff,Markup/Special_0246.xml
Special_0247,Image/Special_0247.tiff,Markup/Special_0247.xml
Special_0248,Image/Special_0248.tiff,Markup/Special_0248.xml
Special_0249,Image/Special_0249.tiff,Markup/Special_0249.xml
Special_0250,Image/Special_0250.tiff,Markup/Special_0250.xml
Special_0251,Image/Special_0251.tiff,Markup/Special_0251.xml
Special_0252,Image/Special_0252.tiff,Markup/Special_0252.xml
Special_0253,Image/Special_0253.tiff,Markup/Special_0253.xml
Special_0254,Image/Special_0254.tiff,Markup/Special_0254.xml
Special_0255,Image/Special_0255.tiff,Markup/Special_0255.xml
Special_0256,Image/Special_0256.tiff,Markup/Special_0256.xml
Special_0257,Image/Special_0257.tiff,Markup/Special_0257.xml
Special_0258,Image/Special_0258.tiff,Markup/Special_0258.xml
Special_0259,Image/Special_0259.tiff,Markup/Special_0259.xml
Special_0260,Image/Special_0260.tiff,Markup/Special_0260.xml
Special_0261,Image/Special_0261.tiff,Markup/Special_0261.xml
Special_0262,Image/Special_0262.tiff,Markup/Special_0262.xml
Special_0263,Image/Special_0263.tiff,Markup/Special_0263.xml
Special_0264,Image/Special_0264.tiff,Markup/Special_0264.xml
Special_0265,Image/Special_0265.tiff,Markup/Special_0265.xml
Special_0266,Image/Special_0266.tiff,Markup/Special_0266.xml
Special_0267,Image/Special_0267.tiff,Markup/Special_0267.xml
Special_0268,Image/Special_0268.tiff,Markup/Special_0268.xml
Special_0269,Image/Special_0269.tiff,Markup/Special_0269.xml
Special_0270,Image/Special_0270.tiff,Markup/Special_0270.xml
Special_0271,Image/Special_0271.tiff,Markup/Special_0271.xml
Special_0272,Image/Special_0272.tiff,Markup/Special_0272.xml
Special_0273,Image/Special_0273.tiff,Markup/Special_0273.xml
Special_0274,Image/Special_0274.tiff,Markup/Special_0274.xml
Special_0275,Image/Special_0275.tiff,Markup/Special_0275.xml
Special_0276,Image/Special_0276.tiff,Markup/Special_0276.xml
Special_0277,Image/Special_0277.tiff,Markup/Special_0277.xml
Special_0278,Image/Special_0278.tiff,Markup/Special_0278.xml
Special_0279,Image/Special_0279.tiff,Markup/Special_0279.xml
Special_0280,Image/Special_0280.tiff,Markup/Special_0280.xml
Special_0281,Image/Special_0281.tiff,Markup/Special_0281.xml
Special_0282,Image/Special_0282.tiff,Markup/Special_0282.xml
Special_0283,Image/Special_0283.tiff,Markup/Special_0283.xml
Special_0284,Image/Special_0284.tiff,Markup/Special_0284.xml
Special_0285,Image/Special_0285.tiff,Markup/Special_0285.xml
Special_0286,Image/Special_0286.tiff,Markup/Special_0286.xml
Special_0287,Image/Special_0287.tiff,Markup/Special_0287.xml
Special_0288,Image/Special_0288.tiff,Markup/Special_0288.xml
Special_0289,Image/Special_0289.tiff,Markup/Special_0289.xml
Special_0290,Image/Special_0290.tiff,Markup/Special_0290.xml
Special_0291,Image/Special_0291.tiff,Markup/Special_0291.xml
Special_0292,Image/Special_0292.tiff,Markup/Special_0292.xml
Special_0293,Image/Special_0293.tiff,Markup/Special_0293.xml
Special_0294,Image/Special_0294.tiff,Markup/Special_0294.xml
Special_0295,Image/Special_0295.tiff,Markup/Special_0295.xml
Special_0296,Image/Special_0296.tiff,Markup/Special_0296.xml
Special_0297,Image/Special_0297.tiff,Markup/Special_0297.xml
Special_0298,Image/Special_0298.tiff,Markup/Special_0298.xml
Special_0299,Image/Special_0299.tiff,Markup/Special_0299.xml
Special_0300,Image/Special_0300.tiff,Markup/Special_0300.xml
Special_0301,Image/Special_0301.tiff,Markup/Special_0301.xml
Special_0302,Image/Special_0302.tiff,Markup/Special_0302.xml
Special_0303,Image/Special_0303.tiff,Markup/Special_0303.xml
Special_0304,Image/Special_0304.tiff,Markup/Special_0304.xml
Special_0305,Image/Special_0305.tiff,Markup/Special_0305.xml
Special_0306,Image/Special_0306.tiff,Markup/Special_0306.xml
Special_0307,Image/Special_0307.tiff,Markup/Special_0307.xml
Special_0308,Image/Special_0308.tiff,Markup/Special_0308.xml
Special_0309,Image/Special_0309.tiff,Markup/Special_0309.xml
Special_0310,Image/Special_0310.tiff,Markup/Special_0310.xml
Special_0311,Image/Special_0311.jpg,Markup/Special_0311.xml
Special_0312,Image/Special_0312.jpg,Markup/Special_0312.xml
Special_0313,Image/Special_0313.jpg,Markup/Special_0313.xml
Special_0314,Image/Special_0314.jpg,Markup/Special_0314.xml
Special_0315,Image/Special_0315.jpg,Markup/Special_0315.xml
Special_0316,Image/Special_0316.jpg,Markup/Special_0316.xml
Special_0317,Image/Special_0317.jpg,Markup/Special_0317.xml
Special_0318,Image/Special_0318.jpg,Markup/Special_0318.xml
Special_0319,Image/Special_0319.jpg,Markup/Special_0319.xml
Special_0320,Image/Special_0320.jpg,Markup/Special_0320.xml
Special_0321,Image/Special_0321.jpg,Markup/Special_0321.xml
Special_0322,Image/Special_0322.jpg,Markup/Special_0322.xml
Special_0323,Image/Special_0323.jpg,Markup/Special_0323.xml
Special_0324,Image/Special_0324.jpg,Markup/Special_0324.xml
Special_0325,Image/Special_0325.jpg,Markup/Special_0325.xml
Special_0326,Image/Special_0326.jpg,Markup/Special_0326.xml
Special_0327,Image/Special_0327.jpg,Markup/Special_0327.xml
Special_0329,Image/Special_0329.jpg,Markup/Special_0329.xml
Special_0330,Image/Special_0330.jpg,Markup/Special_0330.xml
Special_0331,Image/Special_0331.jpg,Markup/Special_0331.xml
Special_0332,Image/Special_0332.jpg,Markup/Special_0332.xml
Special_0333,Image/Special_0333.jpg,Markup/Special_0333.xml
[P]ISBN_18_0001,Image/[P]ISBN_18_0001.jpg,Markup/[P]ISBN_18_0001.xml
[P]ISBN_18_0002,Image/[P]ISBN_18_0002.jpg,Markup/[P]ISBN_18_0002.xml
[P]ISBN_18_0003,Image/[P]ISBN_18_0003.jpg,Markup/[P]ISBN_18_0003.xml
[P]ISBN_18_0004,Image/[P]ISBN_18_0004.jpg,Markup/[P]ISBN_18_0004.xml
[P]ISBN_18_0005,Image/[P]ISBN_18_0005.jpg,Markup/[P]ISBN_18_0005.xml
[P]ISBN_18_0006,Image/[P]ISBN_18_0006.jpg,Markup/[P]ISBN_18_0006.xml
[P]ISBN_18_0007,Image/[P]ISBN_18_0007.jpg,Markup/[P]ISBN_18_0007.xml
[P]ISBN_18_0008,Image/[P]ISBN_18_0008.jpg,Markup/[P]ISBN_18_0008.xml
[P]ISBN_18_0009,Image/[P]ISBN_18_0009.jpg,Markup/[P]ISBN_18_0009.xml
[P]ISBN_18_0010,Image/[P]ISBN_18_0010.jpg,Markup/[P]ISBN_18_0010.xml
[P]ISBN_18_0011,Image/[P]ISBN_18_0011.jpg,Markup/[P]ISBN_18_0011.xml
[P]ISBN_18_0012,Image/[P]ISBN_18_0012.jpg,Markup/[P]ISBN_18_0012.xml
[P]ISBN_18_0013,Image/[P]ISBN_18_0013.jpg,Markup/[P]ISBN_18_0013.xml
[P]ISBN_18_0014,Image/[P]ISBN_18_0014.jpg,Markup/[P]ISBN_18_0014.xml
[P]ISBN_18_0015,Image/[P]ISBN_18_0015.jpg,Markup/[P]ISBN_18_0015.xml
[P]ISBN_18_0016,Image/[P]ISBN_18_0016.jpg,Markup/[P]ISBN_18_0016.xml
[P]ISBN_18_0017,Image/[P]ISBN_18_0017.jpg,Markup/[P]ISBN_18_0017.xml
[P]ISBN_18_0019,Image/[P]ISBN_18_0019.jpg,Markup/[P]ISBN_18_0019.xml
[P]ISBN_18_0020,Image/[P]ISBN_18_0020.jpg,Markup/[P]ISBN_18_0020.xml
[P]ISBN_18_0021,Image/[P]ISBN_18_0021.jpg,Markup/[P]ISBN_18_0021.xml
[P]ISBN_18_0022,Image/[P]ISBN_18_0022.jpg,Markup/[P]ISBN_18_0022.xml
[P]ISBN_18_0023,Image/[P]ISBN_18_0023.jpg,Markup/[P]ISBN_18_0023.xml
[P]ISBN_18_0024,Image/[P]ISBN_18_0024.jpg,Markup/[P]ISBN_18_0024.xml
[P]ISBN_18_0025,Image/[P]ISBN_18_0025.jpg,Markup/[P]ISBN_18_0025.xml
[P]ISBN_18_0026,Image/[P]ISBN_18_0026.jpg,Markup/[P]ISBN_18_0026.xml
[P]ISBN_18_0029,Image/[P]ISBN_18_0029.jpg,Markup/[P]ISBN_18_0029.xml
[P]ISBN_18_0030,Image/[P]ISBN_18_0030.jpg,Markup/[P]ISBN_18_0030.xml
[P]ISBN_18_0032,Image/[P]ISBN_18_0032.jpg,Markup/[P]ISBN_18_0032.xml
[P]ISBN_18_0033,Image/[P]ISBN_18_0033.jpg,Markup/[P]ISBN_18_0033.xml
[P]ISBN_18_0036,Image/[P]ISBN_18_0036.jpg,Markup/[P]ISBN_18_0036.xml
[P]ISBN_18_0037,Image/[P]ISBN_18_0037.jpg,Markup/[P]ISBN_18_0037.xml
[P]ISBN_18_0038,Image/[P]ISBN_18_0038.jpg,Markup/[P]ISBN_18_0038.xml
[P]ISBN_18_0041,Image/[P]ISBN_18_0041.jpg,Markup/[P]ISBN_18_0041.xml
[P]ISBN_18_0042,Image/[P]ISBN_18_0042.jpg,Markup/[P]ISBN_18_0042.xml
[P]ISBN_18_0043,Image/[P]ISBN_18_0043.jpg,Markup/[P]ISBN_18_0043.xml
[P]ISBN_18_0044,Image/[P]ISBN_18_0044.jpg,Markup/[P]ISBN_18_0044.xml
[P]ISBN_18_0045,Image/[P]ISBN_18_0045.jpg,Markup/[P]ISBN_18_0045.xml
[P]ISBN_18_0046,Image/[P]ISBN_18_0046.jpg,Markup/[P]ISBN_18_0046.xml
[P]ISBN_18_0047,Image/[P]ISBN_18_0047.jpg,Markup/[P]ISBN_18_0047.xml
[P]ISBN_18_0048,Image/[P]ISBN_18_0048.jpg,Markup/[P]ISBN_18_0048.xml
[P]ISBN_18_0049,Image/[P]ISBN_18_0049.jpg,Markup/[P]ISBN_18_0049.xml
[P]ISBN_18_0050,Image/[P]ISBN_18_0050.jpg,Markup/[P]ISBN_18_0050.xml
[P]ISBN_18_0051,Image/[P]ISBN_18_0051.jpg,Markup/[P]ISBN_18_0051.xml
[P]ISBN_18_0052,Image/[P]ISBN_18_0052.jpg,Markup/[P]ISBN_18_0052.xml
[P]ISBN_18_0053,Image/[P]ISBN_18_0053.jpg,Markup/[P]ISBN_18_0053.xml
[P]ISBN_18_0054,Image/[P]ISBN_18_0054.jpg,Markup/[P]ISBN_18_0054.xml
[P]ISBN_18_0055,Image/[P]ISBN_18_0055.jpg,Markup/[P]ISBN_18_0055.xml
[P]ISBN_18_0056,Image/[P]ISBN_18_0056.jpg,Markup/[P]ISBN_18_0056.xml
[P]ISBN_18_0057,Image/[P]ISBN_18_0057.jpg,Markup/[P]ISBN_18_0057.xml
[P]ISBN_18_0059,Image/[P]ISBN_18_0059.jpg,Markup/[P]ISBN_18_0059.xml
[P]ISBN_18_0060,Image/[P]ISBN_18_0060.jpg,Markup/[P]ISBN_18_0060.xml
[P]ISBN_18_0061,Image/[P]ISBN_18_0061.jpg,Markup/[P]ISBN_18_0061.xml
[P]ISBN_18_0062,Image/[P]ISBN_18_0062.jpg,Markup/[P]ISBN_18_0062.xml
[P]ISBN_18_0063,Image/[P]ISBN_18_0063.jpg,Markup/[P]ISBN_18_0063.xml
[P]ISBN_18_0064,Image/[P]ISBN_18_0064.jpg,Markup/[P]ISBN_18_0064.xml
[P]ISBN_18_0065,Image/[P]ISBN_18_0065.jpg,Markup/[P]ISBN_18_0065.xml
[P]ISBN_18_0066,Image/[P]ISBN_18_0066.jpg,Markup/[P]ISBN_18_0066.xml
[P]ISBN_18_0067,Image/[P]ISBN_18_0067.jpg,Markup/[P]ISBN_18_0067.xml
[P]ISBN_18_0068,Image/[P]ISBN_18_0068.jpg,Markup/[P]ISBN_18_0068.xml
[P]ISBN_18_0069,Image/[P]ISBN_18_0069.jpg,Markup/[P]ISBN_18_0069.xml
[P]ISBN_18_0070,Image/[P]ISBN_18_0070.jpg,Markup/[P]ISBN_18_0070.xml
[P]ISBN_18_0071,Image/[P]ISBN_18_0071.jpg,Markup/[P]ISBN_18_0071.xml
[P]ISBN_18_0072,Image/[P]ISBN_18_0072.jpg,Markup/[P]ISBN_18_0072.xml
[P]ISBN_18_0074,Image/[P]ISBN_18_0074.jpg,Markup/[P]ISBN_18_0074.xml
[P]ISBN_18_0075,Image/[P]ISBN_18_0075.jpg,Markup/[P]ISBN_18_0075.xml
[P]ISBN_18_0076,Image/[P]ISBN_18_0076.jpg,Markup/[P]ISBN_18_0076.xml
[P]ISBN_18_0077,Image/[P]ISBN_18_0077.jpg,Markup/[P]ISBN_18_0077.xml
[P]ISBN_18_0078,Image/[P]ISBN_18_0078.jpg,Markup/[P]ISBN_18_0078.xml
[P]ISBN_18_0079,Image/[P]ISBN_18_0079.jpg,Markup/[P]ISBN_18_0079.xml
[P]ISBN_18_0080,Image/[P]ISBN_18_0080.jpg,Markup/[P]ISBN_18_0080.xml
[P]ISBN_18_0081,Image/[P]ISBN_18_0081.jpg,Markup/[P]ISBN_18_0081.xml
[P]ISBN_18_0082,Image/[P]ISBN_18_0082.jpg,Markup/[P]ISBN_18_0082.xml
[P]ISBN_18_0083,Image/[P]ISBN_18_0083.jpg,Markup/[P]ISBN_18_0083.xml
[P]ISBN_18_0084,Image/[P]ISBN_18_0084.jpg,Markup/[P]ISBN_18_0084.xml
[P]ISBN_18_0085,Image/[P]ISBN_18_0085.jpg,Markup/[P]ISBN_18_0085.xml
[P]ISBN_18_0086,Image/[P]ISBN_18_0086.jpg,Markup/[P]ISBN_18_0086.xml
[P]ISBN_18_0087,Image/[P]ISBN_18_0087.jpg,Markup/[P]ISBN_18_0087.xml
[P]ISBN_18_0088,Image/[P]ISBN_18_0088.jpg,Markup/[P]ISBN_18_0088.xml
[P]ISBN_18_0089,Image/[P]ISBN_18_0089.jpg,Markup/[P]ISBN_18_0089.xml
[P]ISBN_18_0090,Image/[P]ISBN_18_0090.jpg,Markup/[P]ISBN_18_0090.xml
[P]ISBN_18_0091,Image/[P]ISBN_18_0091.jpg,Markup/[P]ISBN_18_0091.xml
[P]ISBN_18_0092,Image/[P]ISBN_18_0092.jpg,Markup/[P]ISBN_18_0092.xml
[P]ISBN_18_0094,Image/[P]ISBN_18_0094.jpg,Markup/[P]ISBN_18_0094.xml
[P]ISBN_18_0095,Image/[P]ISBN_18_0095.jpg,Markup/[P]ISBN_18_0095.xml
[P]ISBN_18_0096,Image/[P]ISBN_18_0096.jpg,Markup/[P]ISBN_18_0096.xml
[P]ISBN_18_0097,Image/[P]ISBN_18_0097.jpg,Markup/[P]ISBN_18_0097.xml
[P]ISBN_18_0098,Image/[P]ISBN_18_0098.jpg,Markup/[P]ISBN_18_0098.xml
[P]ISBN_18_0099,Image/[P]ISBN_18_0099.jpg,Markup/[P]ISBN_18_0099.xml
[S]ISBN_02_0001,Image/[S]ISBN_02_0001.tiff,Markup/[S]ISBN_02_0001.xml
[S]ISBN_02_0002,Image/[S]ISBN_02_0002.tiff,Markup/[S]ISBN_02_0002.xml
[S]ISBN_02_0003,Image/[S]ISBN_02_0003.tiff,Markup/[S]ISBN_02_0003.xml
[S]ISBN_02_0004,Image/[S]ISBN_02_0004.tiff,Markup/[S]ISBN_02_0004.xml
[S]ISBN_02_0005,Image/[S]ISBN_02_0005.tiff,Markup/[S]ISBN_02_0005.xml
[S]ISBN_02_0006,Image/[S]ISBN_02_0006.tiff,Markup/[S]ISBN_02_0006.xml
[S]ISBN_02_0007,Image/[S]ISBN_02_0007.tiff,Markup/[S]ISBN_02_0007.xml
[S]ISBN_02_0008,Image/[S]ISBN_02_0008.tiff,Markup/[S]ISBN_02_0008.xml
[S]ISBN_02_0009,Image/[S]ISBN_02_0009.tiff,Markup/[S]ISBN_02_0009.xml
[S]ISBN_02_0010,Image/[S]ISBN_02_0010.tiff,Markup/[S]ISBN_02_0010.xml
[S]ISBN_02_0011,Image/[S]ISBN_02_0011.tiff,Markup/[S]ISBN_02_0011.xml
[S]ISBN_02_0012,Image/[S]ISBN_02_0012.tiff,Markup/[S]ISBN_02_0012.xml
[S]ISBN_02_0013,Image/[S]ISBN_02_0013.tiff,Markup/[S]ISBN_02_0013.xml
[S]ISBN_02_0014,Image/[S]ISBN_02_0014.tiff,Markup/[S]ISBN_02_0014.xml
[S]ISBN_02_0015,Image/[S]ISBN_02_0015.tiff,Markup/[S]ISBN_02_0015.xml
[S]ISBN_02_0016,Image/[S]ISBN_02_0016.tiff,Markup/[S]ISBN_02_0016.xml
[S]ISBN_02_0017,Image/[S]ISBN_02_0017.tiff,Markup/[S]ISBN_02_0017.xml
[S]ISBN_02_0018,Image/[S]ISBN_02_0018.tiff,Markup/[S]ISBN_02_0018.xml
[S]ISBN_02_0019,Image/[S]ISBN_02_0019.tiff,Markup/[S]ISBN_02_0019.xml
[S]ISBN_02_0020,Image/[S]ISBN_02_0020.tiff,Markup/[S]ISBN_02_0020.xml
[S]ISBN_02_0021,Image/[S]ISBN_02_0021.tiff,Markup/[S]ISBN_02_0021.xml
[S]ISBN_02_0022,Image/[S]ISBN_02_0022.tiff,Markup/[S]ISBN_02_0022.xml
[S]ISBN_02_0023,Image/[S]ISBN_02_0023.tiff,Markup/[S]ISBN_02_0023.xml
[S]ISBN_02_0024,Image/[S]ISBN_02_0024.tiff,Markup/[S]ISBN_02_0024.xml
[S]ISBN_02_0025,Image/[S]ISBN_02_0025.tiff,Markup/[S]ISBN_02_0025.xml
[S]ISBN_02_0026,Image/[S]ISBN_02_0026.tiff,Markup/[S]ISBN_02_0026.xml
[S]ISBN_02_0027,Image/[S]ISBN_02_0027.tiff,Markup/[S]ISBN_02_0027.xml
[S]ISBN_02_0028,Image/[S]ISBN_02_0028.tiff,Markup/[S]ISBN_02_0028.xml
[S]ISBN_02_0029,Image/[S]ISBN_02_0029.tiff,Markup/[S]ISBN_02_0029.xml
[S]ISBN_02_0030,Image/[S]ISBN_02_0030.tiff,Markup/[S]ISBN_02_0030.xml
[S]ISBN_02_0031,Image/[S]ISBN_02_0031.tiff,Markup/[S]ISBN_02_0031.xml
[S]ISBN_02_0032,Image/[S]ISBN_02_0032.tiff,Markup/[S]ISBN_02_0032.xml
[S]ISBN_02_0033,Image/[S]ISBN_02_0033.tiff,Markup/[S]ISBN_02_0033.xml
[S]ISBN_02_0034,Image/[S]ISBN_02_0034.tiff,Markup/[S]ISBN_02_0034.xml
[S]ISBN_02_0035,Image/[S]ISBN_02_0035.tiff,Markup/[S]ISBN_02_0035.xml
[S]ISBN_02_0036,Image/[S]ISBN_02_0036.tiff,Markup/[S]ISBN_02_0036.xml
[S]ISBN_02_0037,Image/[S]ISBN_02_0037.tiff,Markup/[S]ISBN_02_0037.xml
[S]ISBN_02_0038,Image/[S]ISBN_02_0038.tiff,Markup/[S]ISBN_02_0038.xml
[S]ISBN_02_0039,Image/[S]ISBN_02_0039.tiff,Markup/[S]ISBN_02_0039.xml
[S]ISBN_02_0040,Image/[S]ISBN_02_0040.tiff,Markup/[S]ISBN_02_0040.xml
[S]ISBN_02_0041,Image/[S]ISBN_02_0041.tiff,Markup/[S]ISBN_02_0041.xml
[S]ISBN_02_0042,Image/[S]ISBN_02_0042.tiff,Markup/[S]ISBN_02_0042.xml
[S]ISBN_02_0043,Image/[S]ISBN_02_0043.tiff,Markup/[S]ISBN_02_0043.xml
[S]ISBN_02_0044,Image/[S]ISBN_02_0044.tiff,Markup/[S]ISBN_02_0044.xml
[S]ISBN_02_0045,Image/[S]ISBN_02_0045.tiff,Markup/[S]ISBN_02_0045.xml
[S]ISBN_02_0046,Image/[S]ISBN_02_0046.tiff,Markup/[S]ISBN_02_0046.xml
[S]ISBN_02_0047,Image/[S]ISBN_02_0047.tiff,Markup/[S]ISBN_02_0047.xml
[S]ISBN_02_0048,Image/[S]ISBN_02_0048.tiff,Markup/[S]ISBN_02_0048.xml
[S]ISBN_02_0049,Image/[S]ISBN_02_0049.tiff,Markup/[S]ISBN_02_0049.xml
[S]ISBN_02_0050,Image/[S]ISBN_02_0050.tiff,Markup/[S]ISBN_02_0050.xml
[S]ISBN_02_0051,Image/[S]ISBN_02_0051.tiff,Markup/[S]ISBN_02_0051.xml
[S]ISBN_02_0052,Image/[S]ISBN_02_0052.tiff,Markup/[S]ISBN_02_0052.xml
[S]ISBN_02_0053,Image/[S]ISBN_02_0053.tiff,Markup/[S]ISBN_02_0053.xml
[S]ISBN_02_0054,Image/[S]ISBN_02_0054.tiff,Markup/[S]ISBN_02_0054.xml
[S]ISBN_02_0055,Image/[S]ISBN_02_0055.tiff,Markup/[S]ISBN_02_0055.xml
[S]ISBN_02_0056,Image/[S]ISBN_02_0056.tiff,Markup/[S]ISBN_02_0056.xml
[S]ISBN_02_0057,Image/[S]ISBN_02_0057.tiff,Markup/[S]ISBN_02_0057.xml
[S]ISBN_02_0058,Image/[S]ISBN_02_0058.tiff,Markup/[S]ISBN_02_0058.xml
[S]ISBN_02_0059,Image/[S]ISBN_02_0059.tiff,Markup/[S]ISBN_02_0059.xml
[S]ISBN_02_0060,Image/[S]ISBN_02_0060.tiff,Markup/[S]ISBN_02_0060.xml
[S]ISBN_02_0061,Image/[S]ISBN_02_0061.tiff,Markup/[S]ISBN_02_0061.xml
[S]ISBN_02_0062,Image/[S]ISBN_02_0062.tiff,Markup/[S]ISBN_02_0062.xml
[S]ISBN_02_0063,Image/[S]ISBN_02_0063.tiff,Markup/[S]ISBN_02_0063.xml
[S]ISBN_02_0064,Image/[S]ISBN_02_0064.tiff,Markup/[S]ISBN_02_0064.xml
[S]ISBN_02_0065,Image/[S]ISBN_02_0065.tiff,Markup/[S]ISBN_02_0065.xml
[S]ISBN_02_0066,Image/[S]ISBN_02_0066.tiff,Markup/[S]ISBN_02_0066.xml
[S]ISBN_02_0067,Image/[S]ISBN_02_0067.tiff,Markup/[S]ISBN_02_0067.xml
[S]ISBN_02_0068,Image/[S]ISBN_02_0068.tiff,Markup/[S]ISBN_02_0068.xml
[S]ISBN_02_0069,Image/[S]ISBN_02_0069.tiff,Markup/[S]ISBN_02_0069.xml
[S]ISBN_02_0070,Image/[S]ISBN_02_0070.tiff,Markup/[S]ISBN_02_0070.xml
[S]ISBN_02_0071,Image/[S]ISBN_02_0071.tiff,Markup/[S]ISBN_02_0071.xml
[S]ISBN_02_0072,Image/[S]ISBN_02_0072.tiff,Markup/[S]ISBN_02_0072.xml
[S]ISBN_02_0073,Image/[S]ISBN_02_0073.tiff,Markup/[S]ISBN_02_0073.xml
[S]ISBN_02_0074,Image/[S]ISBN_02_0074.tiff,Markup/[S]ISBN_02_0074.xml
[S]ISBN_02_0075,Image/[S]ISBN_02_0075.tiff,Markup/[S]ISBN_02_0075.xml
[S]ISBN_02_0076,Image/[S]ISBN_02_0076.tiff,Markup/[S]ISBN_02_0076.xml
[S]ISBN_02_0077,Image/[S]ISBN_02_0077.tiff,Markup/[S]ISBN_02_0077.xml
[S]ISBN_02_0078,Image/[S]ISBN_02_0078.tiff,Markup/[S]ISBN_02_0078.xml
[S]ISBN_02_0079,Image/[S]ISBN_02_0079.tiff,Markup/[S]ISBN_02_0079.xml
[S]ISBN_02_0080,Image/[S]ISBN_02_0080.tiff,Markup/[S]ISBN_02_0080.xml
[S]ISBN_02_0081,Image/[S]ISBN_02_0081.tiff,Markup/[S]ISBN_02_0081.xml
[S]ISBN_02_0082,Image/[S]ISBN_02_0082.tiff,Markup/[S]ISBN_02_0082.xml
[S]ISBN_02_0083,Image/[S]ISBN_02_0083.tiff,Markup/[S]ISBN_02_0083.xml
[S]ISBN_02_0084,Image/[S]ISBN_02_0084.tiff,Markup/[S]ISBN_02_0084.xml
[S]ISBN_02_0086,Image/[S]ISBN_02_0086.tiff,Markup/[S]ISBN_02_0086.xml
[S]ISBN_02_0087,Image/[S]ISBN_02_0087.tiff,Markup/[S]ISBN_02_0087.xml
[S]ISBN_02_0088,Image/[S]ISBN_02_0088.tiff,Markup/[S]ISBN_02_0088.xml
[S]ISBN_02_0089,Image/[S]ISBN_02_0089.tiff,Markup/[S]ISBN_02_0089.xml
[S]ISBN_02_0090,Image/[S]ISBN_02_0090.tiff,Markup/[S]ISBN_02_0090.xml
[S]ISBN_02_0091,Image/[S]ISBN_02_0091.tiff,Markup/[S]ISBN_02_0091.xml
[S]ISBN_02_0092,Image/[S]ISBN_02_0092.tiff,Markup/[S]ISBN_02_0092.xml
[S]ISBN_02_0093,Image/[S]ISBN_02_0093.tiff,Markup/[S]ISBN_02_0093.xml
[S]ISBN_02_0094,Image/[S]ISBN_02_0094.tiff,Markup/[S]ISBN_02_0094.xml
[S]ISBN_02_0095,Image/[S]ISBN_02_0095.tiff,Markup/[S]ISBN_02_0095.xml
[S]ISBN_02_0096,Image/[S]ISBN_02_0096.tiff,Markup/[S]ISBN_02_0096.xml
[S]ISBN_02_0097,Image/[S]ISBN_02_0097.tiff,Markup/[S]ISBN_02_0097.xml
[S]ISBN_02_0098,Image/[S]ISBN_02_0098.tiff,Markup/[S]ISBN_02_0098.xml
[S]ISBN_02_0099,Image/[S]ISBN_02_0099.tiff,Markup/[S]ISBN_02_0099.xml
[S]ISBN_02_0100,Image/[S]ISBN_02_0100.tiff,Markup/[S]ISBN_02_0100.xml
